,Name,Gender,Aliases,playedBy
0,,Female,['The Daughter of the Dusk'],['']
1,Walder,Male,['Hodor'],['Kristian Nairn']
2,,Male,['Lamprey'],['']
3,,Female,['The Merling Queen'],['']
4,,Male,['Old Crackbones'],['']
5,,Female,['The Poetess'],['']
6,,Female,['Porridge'],['']
7,,Male,['Quickfinger'],['']
8,,Female,"[""the Sailor's Wife""]",['']
9,,Female,['The Veiled Lady'],['']
10,,Female,['The waif'],['Faye Marsay']
11,Balon Greyjoy,Male,"['Balon the Brave', 'Balon the Blessed', 'Balon the Twice Crowned', 'Balon the Widowmaker', 'The Kraken King']",['Patrick Malahide']
12,Chayle,Male,[''],['']
13,Gillam,Male,[''],['']
14,High Septon,Male,['The High Sparrow'],['Jonathan Pryce']
15,Margaery Tyrell,Female,"['The Little Queen', 'The Little Rose', 'Maid Margaery']",['Natalie Dormer']
16,Melicent,Female,[''],['']
17,Meribald,Male,[''],['']
18,Moelle,Female,[''],['']
19,Mordane,Female,[''],['Susan Brown']
20,Nysterica,Female,[''],['']
21,Ollidor,Male,[''],['']
22,Osmynd,Male,[''],['']
23,Raynard,Male,[''],['']
24,Scolera,Female,[''],['']
25,Torbert,Male,[''],['']
26,Tywin Lannister,Male,"['The Lion of Lannister', 'The Old Lion', 'The Great Lion of the Rock']",['Charles Dance']
27,Unella,Female,[''],['Hannah Waddingham']
28,Abelar Hightower,Male,[''],['']
29,Addam Frey,Male,[''],['']
30,Addam Marbrand,Male,[''],['B.J. Hogg']
31,Addam Osgrey,Male,[''],['']
32,Addam Velaryon,Male,['Addam of Hull'],['']
33,Addison Hill,Male,['The Bastard of Cornfield'],['']
34,Aegon Blackfyre,Male,[''],['']
35,Aegon Frey,Male,['Jinglebell'],['']
36,Aegon Frey,Male,['Aegon Bloodborn'],['']
37,Aegon I,Male,"['Aegon the Conqueror', 'Aegon the Dragon', 'Aegon the Dragonlord']",['']
38,Aegon II,Male,"['Aegon the Elder', 'Aegon the Usurper']",['']
39,Aegon III,Male,"['Aegon the Younger', 'Aegon the Dragonbane', 'Aegon the Unlucky', 'The Broken King']",['']
40,Aegon IV,Male,['Aegon the Unworthy'],['']
41,Aegon Targaryen,Male,['Young Griff'],['']
42,Aegon Targaryen,Male,[''],['']
43,Aegon Targaryen,Male,[''],['']
44,Aegon Targaryen,Male,[''],['']
45,Aegon V,Male,"['Aegon the Unlikely', 'Aegon the Fortunate', 'The Prince Who Was An Eggg']",['']
46,Aegor Rivers,Male,['Bittersteel'],['']
47,Aelinor Penrose,Female,[''],['']
48,Aemma Arryn,Female,[''],['']
49,Aemon Blackfyre,Male,[''],['']
50,Aemon Costayne,Male,[''],['']
51,Aemon Estermont,Male,[''],['']
52,Aemon Rivers,Male,[''],['']
53,Aemon Targaryen,Male,"['Aemon Targaryen', 'Maester Aemon', 'Uncle Maester']",['Peter Vaughan']
54,Aemond Targaryen,Male,['Aemond One-Eye Aemond the Kinslayer'],['']
55,Aenys Frey,Male,[''],['']
56,Aenys I,Male,[''],['']
57,Aerion Targaryen,Male,"['Brightflame', 'Aerion the Monstrous', 'The Bright Prince', 'The Prince Who Thought He Was a Dragon']",['']
58,Aerion Targaryen,Male,[''],['']
59,Aeron Greyjoy,Male,"['The Damphair', 'Aeron Damphair']",['Michael Feast']
60,Aerys I,Male,[''],['']
61,Aerys II,Male,"['The Mad King', 'King Scab']",['David Rintoul']
62,Aglantine,Female,[''],['']
63,Aladale Wynch,Male,[''],['']
64,Alan,Male,"[""Alan o' the Oak"", 'The Blind Bowman']",['']
65,Alannys Harlaw,Female,['Lanny'],['']
66,Albar Royce,Male,[''],['']
67,Alekyne Florent,Male,[''],['']
68,Alerie Hightower,Female,[''],['']
69,Alesander Frey,Male,[''],['']
70,Alesander Staedmon,Male,['the Pennylover'],['']
71,Alester Florent,Male,[''],['']
72,Alester Norcross,Male,[''],['']
73,Alester Oakheart,Male,[''],['']
74,Alester Tyrell,Male,[''],['']
75,Alicent Hightower,Female,[''],['']
76,Alla Tyrell,Female,[''],['']
77,Allar Deem,Male,[''],['']
78,Alliser Thorne,Male,[''],['Owen Teale']
79,Allyria Dayne,Female,[''],['']
80,Alyce Graceford,Female,[''],['']
81,Alyn Ambrose,Male,[''],['']
82,Alyn Cockshaw,Male,[''],['']
83,Alyn Connington,Male,['The Pale Griffin'],['']
84,Alyn Estermont,Male,[''],['']
85,Alyn Frey,Male,[''],['']
86,Alyn Haigh,Male,[''],['']
87,Alyn Hunt,Male,[''],['']
88,Alyn Stackspear,Male,[''],['']
89,Alyn Tarbeck,Male,[''],['']
90,Alyn Velaryon,Male,"['Alyn of Hull', 'The Oakenfist', 'Lord Oakenfist']",['']
91,Alys Arryn,Female,[''],['']
92,Alys Arryn,Female,[''],['']
93,Alys Beesbury,Female,[''],['']
94,Alys Frey,Female,[''],['']
95,Alys Karstark,Female,[''],['']
96,Alys Karstark,Female,[''],['']
97,Alys Karstark,Female,[''],['']
98,Alysane Mormont,Female,['The Young She-Bear'],['']
99,Alysanne Bulwer,Female,[''],['']
100,Alysanne Farman,Female,[''],['']
101,Alysanne Hightower,Female,[''],['']
102,Alysanne Lefford,Female,[''],['']
103,Alysanne Osgrey,Female,[''],['']
104,Alysanne Targaryen,Female,['Good Queen Alysanne'],['']
105,Alysanne Tarth,Female,[''],['']
106,Alyssa Arryn,Female,[''],['']
107,Alyssa Blackwood,Female,[''],['']
108,Alyssa Targaryen,Female,[''],['']
109,Alyssa Velaryon,Female,[''],['']
110,Alyx Frey,Female,[''],['']
111,Amarei Crakehall,Female,[''],['']
112,Ambrose Butterwell,Male,"['Old Milkblood', 'The lord of cows', 'Lord Butterbutt']",['']
113,Amerei Frey,Female,['Gatehouse Ami'],['']
114,Amory Lorch,Male,['The Manticore'],['Fintan McKeown']
115,Andar Royce,Male,[''],['']
116,Anders Yronwood,Male,[''],['']
117,Andrew Estermont,Male,[''],['']
118,Andrey Charlton,Male,[''],['']
119,Andros Brax,Male,[''],['']
120,Androw Ashford,Male,[''],['']
121,Androw Frey,Male,[''],['']
122,Annara Farring,Female,[''],['']
123,Antario Jast,Male,[''],['']
124,Anya Waynwood,Female,[''],['Paola Dionisotti']
125,Archibald Yronwood,Male,"['Big Man', 'Ser Greenguts']",['']
126,Ardrian Celtigar,Male,['the Red Crab'],['']
127,Argella Durrandon,Female,[''],['']
128,Argilac Durrandon,Male,['Argilac the Arrogant'],['']
129,Arianne Martell,Female,[''],['']
130,Arianne Tarth,Female,[''],['']
131,Arlan of Pennytree,Male,[''],['']
132,Armond Caswell,Male,[''],['']
133,Arnolf Karstark,Male,['Lord Arnolf'],['']
134,Aron Santagar,Male,[''],['']
135,Arra Norrey,Female,[''],['']
136,Arrec Durrandon,Male,[''],['']
137,Arron Qorgyle,Male,[''],['']
138,Arstan Selmy,Male,[''],['']
139,Arthor Karstark,Male,[''],['']
140,Arthur Ambrose,Male,[''],['']
141,Arthur Dayne,Male,[''],['Luke Roberts']
142,Artos Stark,Male,['Artos the Implacable'],['']
143,Artys I Arryn,Male,"['Falcon Knight', 'Winged Knight']",['']
144,Arwood Frey,Male,[''],['']
145,Arwyn Frey,Female,[''],['']
146,Arwyn Oakheart,Female,[''],['']
147,Arya Stark,Female,"['Arya Horseface', 'Arya Underfoot', 'Arry', 'Lumpyface', 'Lumpyhead', 'Stickboy', 'Weasel', 'Nymeria', 'Squan', 'Saltb', 'Cat of the Canaly', 'Bets', 'The Blind Girh', 'The Ugly Little Girl', 'Mercedenl', 'Mercye']",['Maisie Williams']
148,Arys Oakheart,Male,[''],['']
149,Asha Greyjoy,Female,"['Esgred', ""The Kraken's Daughter""]",['Gemma Whelan']
150,Ashara Dayne,Female,[''],['']
151,Aubrey Ambrose,Male,[''],['']
152,Axell Florent,Male,[''],['']
153,Baela Targaryen,Female,[''],['']
154,Baelon Targaryen,Male,[''],['']
155,Baelon Targaryen,Male,['Heir for a Day'],['']
156,Baelon Targaryen,Male,"['Baelon the Brave', 'The Spring Prince']",['']
157,Baelor Blacktyde,Male,[''],['']
158,Baelor Hightower,Male,"['Baelor Brightsmile', 'Baelor Breakwind']",['']
159,Baelor I,Male,"['Baelor the Beloved', 'Baelor the Blessed', 'Baelor the Befuddled']",['']
160,Baelor Targaryen,Male,"['Baelor Breakspear', 'The Hammer']",['']
161,Balman Byrch,Male,[''],['']
162,Balon Botley,Male,[''],['']
163,Balon Swann,Male,[''],['']
164,Barba Bracken,Female,[''],['']
165,Barbrey Dustin,Female,[''],['']
166,Barre,Male,[''],['']
167,Barristan Selmy,Male,"['Barristan the Bold', 'Arstan Whitebeard', 'Ser Grandfather', 'Barristan the Old', 'Old Ser']",['Ian McElhinney']
168,Barth,Male,[''],['']
169,Barthogan Stark,Male,['Barth Blacksword'],['']
170,Bass,Male,[''],['']
171,Bayard Norcross,Male,[''],['']
172,Bellena Hawick,Female,[''],['']
173,Ben Bushy,Male,['Big Ben'],['']
174,Ben Plumm,Male,['Brown Ben Plumm'],['']
175,Benedar Belmore,Male,[''],['']
176,Benedict Broom,Male,[''],['']
177,Benedict I Justman,Male,"['Benedict Rivers', 'Benedict the Bold', 'Benedict the Just']",['']
178,Benfred Tallhart,Male,[''],['']
179,Benfrey Frey,Male,[''],['']
180,Benjen Stark,Male,"['The Wolf Pup', 'Ben Stark']","['Joseph Mawle', 'Matteo Elezi']"
181,Benjen Stark,Male,['Benjen the Bitter'],['']
182,Benjen Stark,Male,['Benjen the Sweet'],['']
183,Bennard Brune,Male,[''],['']
184,Bennarion Botley,Male,[''],['']
185,Bennis,Male,"['Bennis of the Brown Shield', 'Bennis Brownstench']",['']
186,Beony Beesbury,Female,[''],['']
187,Beren Tallhart,Male,[''],['']
188,Berena Hornwood,Female,[''],['']
189,Beric Dondarrion,Male,"['The lightning lord', 'The Lord of Corpses', 'Lord Derik']","['David Michael Scott', 'Richard Dormer']"
190,Beron Blacktyde,Male,['Blind Beron Blacktyde'],['']
191,Beron Stark,Male,[''],['']
192,Bertram Beesbury,Male,[''],['']
193,Beth Cassel,Female,[''],['']
194,Betha Blackwood,Female,['Black Betha'],['']
195,Bethany Bolton,Female,[''],['']
196,Bethany Bracken,Female,[''],['']
197,Bethany Redwyne,Female,[''],['']
198,Bethany Rosby,Female,[''],['']
199,Bonifer Hasty,Male,"['Bonifer the Good', 'Baelor Butthole']",['']
200,Boremund Harlaw,Male,['Boremund the Blue'],['']
201,Boros Blount,Male,['Boros the Belly'],['']
202,Bowen Marsh,Male,['Old Pomegranate'],['Michael Condron']
203,Bradamar Frey,Male,[''],['']
204,Brandon Norrey,Male,[''],['']
205,Brandon Stark,Male,['The Wild Wolf'],['']
206,Brandon Stark,Male,[''],['']
207,Brandon Stark,Male,"['Bran', 'Bran the Broken', 'The Winged Wolf']",['Isaac Hempstead-Wright']
208,Brandon Stark,Male,['Bran the Builder'],['']
209,Brandon Stark,Male,['Brandon the Bad'],['']
210,Brandon Stark,Male,['Brandon the Burner'],['']
211,Brandon Stark,Male,[''],['']
212,Brandon Stark,Male,['Brandon the Shipwright'],['']
213,Brandon Tallhart,Male,[''],['']
214,Branston Cuy,Male,[''],['']
215,Brienne of Tarth,Female,"['The Maid of Tarth', 'Brienne the Beauty', 'Brienne the Blue']",['Gwendoline Christie']
216,Bronn,Male,"['Ser Bronn of the Blackwater', 'Lord Stokeworth']",['Jerome Flynn']
217,Bryan Fossoway,Male,[''],['']
218,Bryan Frey,Male,[''],['']
219,Bryce Caron,Male,['Bryce the Orange'],['']
220,Bryen Caron,Male,[''],['']
221,Bryen Farring,Male,[''],['']
222,Brynden Tully,Male,"['Blackfish', 'Ser Brynden the Blackfish', 'Brynden Blackfish']",['Clive Russell']
223,Buford Bulwer,Male,['The Old Ox'],['']
224,Burton Crakehall,Male,[''],['']
225,Calla Blackfyre,Female,[''],['']
226,Carellen Smallwood,Female,[''],['']
227,Carolei Waynwood,Female,[''],['']
228,Casper Wylde,Male,[''],['']
229,Cassana Estermont,Female,[''],['']
230,Cassella Vaith,Female,[''],['']
231,Catelyn Stark,Female,"['Catelyn Tully', 'Lady Stoneheart', 'The Silent Sistet', 'Mother Mercilesr', 'The Hangwomans']",['Michelle Fairley']
232,Cedric Payne,Male,[''],['']
233,Cedrik Storm,Male,['the Bastard of Bronzegate'],['']
234,Cerenna Lannister,Female,[''],['']
235,Cerissa Brax,Female,[''],['']
236,Cersei Frey,Female,['the Little Bee'],['']
237,Cersei Lannister,Female,['Brotherfuckerthe bitch queen'],['Lena Headey']
238,Ceryse Hightower,Female,[''],['']
239,Clarence Charlton,Male,[''],['']
240,Clarence Crabb,Male,['Clarence the Short'],['']
241,Clarent Crakehall,Male,[''],['']
242,Clayton Suggs,Male,[''],['']
243,Clement Crabb,Male,[''],['']
244,Clement Piper,Male,[''],['']
245,Cletus Yronwood,Male,[''],['']
246,Cley Cerwyn,Male,[''],['']
247,Cleyton Caswell,Male,[''],['']
248,Colen of Greenpools,Male,[''],['']
249,Colin Florent,Male,[''],['']
250,Colmar Frey,Male,[''],['']
251,Corenna Swann,Female,[''],['']
252,Corlys Velaryon,Male,['The Sea Snake'],['']
253,Cortnay Penrose,Male,[''],['']
254,Corwyn Corbray,Male,[''],['']
255,Corwyn Corbray,Male,[''],['']
256,Crake,Male,['Crake the Boarkiller'],['']
257,Cregan Karstark,Male,[''],['']
258,Cregan Stark,Male,['The Old Man of the North'],['']
259,Creighton Longbough,Male,[''],['']
260,Creighton Redfort,Male,[''],['']
261,Cynthea Frey,Female,[''],['']
262,Cyrenna Swann,Female,[''],['']
263,Dacey Mormont,Female,[''],['']
264,Daella Targaryen,Female,[''],['']
265,Daella Targaryen,Female,[''],['']
266,Daemon Blackfyre,Male,"['Daemon Waters', 'The Black Dragon', 'The King Who Bore the Sword', 'The Pretender']",['']
267,Daemon II Blackfyre,Male,"['Ser John the Fiddler', 'The Brown Dragon']",['']
268,Daemon Targaryen,Male,"['Prince of the City', 'Lord Flea Bottom', 'The Rogue Prince']",['']
269,Daena Targaryen,Female,['Daena the Defiant'],['']
270,Daenerys Targaryen,Female,[''],['']
271,Daenora Targaryen,Female,[''],['']
272,Daeron I,Male,"['The Young Dragon', 'The Boy King']",['']
273,Daeron II,Male,"['Daeron the Good', 'Daeron the Falseborn']",['']
274,Daeron Targaryen,Male,['Daeron the Daring'],['']
275,Daeron Targaryen,Male,['Daeron the Drunken'],['']
276,Daeron Vaith,Male,[''],['']
277,Dagon Greyjoy,Male,[''],['']
278,Dagos Manwoody,Male,[''],['']
279,Dalbridge,Male,['Squire Dalbridge'],['']
280,Dale Drumm,Male,['Dale the Dread'],['']
281,Damion Lannister,Male,[''],['']
282,Damon Lannister,Male,['The Grey Lion'],['']
283,Damon Lannister,Male,[''],['']
284,Damon Marbrand,Male,[''],['']
285,Damon Paege,Male,[''],['']
286,Damon Shett,Male,[''],['']
287,Damon Vypren,Male,[''],['']
288,Danelle Lothston,Female,['Mad Danelle'],['']
289,Danos Slynt,Male,[''],['']
290,Danwell Frey,Male,[''],['']
291,Darlessa Marbrand,Female,[''],['']
292,Daryn Hornwood,Male,[''],['']
293,Daven Lannister,Male,[''],['']
294,Deana Hardyng,Female,[''],['']
295,Delena Florent,Female,[''],['']
296,Della Frey,Female,['Deaf Della'],['']
297,Delonne Allyrion,Female,[''],['']
298,Dennis Plumm,Male,[''],['']
299,Denys Arryn,Male,['The Darling of the Vale'],['']
300,Denys Darklyn,Male,[''],['']
301,Denys Drumm,Male,[''],['']
302,Denys Mallister,Male,[''],['']
303,Denys Redwyne,Male,[''],['']
304,Denyse Hightower,Female,[''],['']
305,Desmond Grell,Male,[''],['']
306,Desmond Redwyne,Male,[''],['']
307,Devan Seaworth,Male,[''],['']
308,Deziel Dalt,Male,[''],['']
309,Dick Follard,Male,['Deaf Dick Follard'],['']
310,Dickon Frey,Male,[''],['']
311,Dickon Manwoody,Male,[''],['']
312,Dickon Tarly,Male,[''],['Freddie Stroma']
313,Domeric Bolton,Male,[''],['']
314,Donal Noye,Male,[''],['']
315,Donel Greyjoy,Male,[''],['']
316,Donella Hornwood,Female,[''],['']
317,Donnel,Male,[''],['']
318,Donnel Drumm,Male,[''],['']
319,Donnel Haigh,Male,[''],['']
320,Donnel Locke,Male,[''],['']
321,Donnel Swann,Male,['Ser Donnel the Constant'],['']
322,Donnor Saltcliffe,Male,[''],['']
323,Donnor Stark,Male,[''],['']
324,Dontos Hollard,Male,"['Dontos the Red', 'Dontos the Drunk', 'Florian']",['Tony Way']
325,Doran Martell,Male,[''],['Alexander Siddig']
326,Dorna Swyft,Female,[''],['']
327,Dorren Stark,Male,[''],['']
328,Duncan,Male,"['Dunk', 'Duncan the Tall', 'Dunk the Lunk', 'Ser Giant', 'The Gallows Knight']",['']
329,Duncan Targaryen,Male,"['Prince Duncan the Small', 'Prince of Dragonflies']",['']
330,Dunstan Drumm,Male,"['The Drumm', 'The Bone Hand']",['']
331,Duram Bar Emmon,Male,[''],['']
332,Durran,Male,"['Durran Godsgrief', 'The Godsgrief', 'King of a Thousand Years']",['']
333,Dyanna Dayne,Female,[''],['']
334,Dykk Harlaw,Male,[''],['']
335,Ebben,Male,[''],['']
336,Eddara Tallhart,Female,[''],['']
337,Eddard Karstark,Male,['Edd'],['']
338,Eddard Stark,Male,"['Ned', 'The Ned', 'The Quiet Wolf']","['Sean Bean', 'Sebastian Croft', 'Robert Aramayo']"
339,Edderion Stark,Male,['Ederrion the Bridegroom'],['']
340,Eddison Tollet,Male,['Dolorous Edd'],['Ben Crompton']
341,Eden Risley,Male,[''],['']
342,Edgerran Oakheart,Male,['Edgerran the Open-Handed'],['']
343,Edmund Ambrose,Male,[''],['']
344,Edmund Waxley,Male,[''],['']
345,Edmure Tully,Male,[''],['Tobias Menzies']
346,Edmyn Tully,Male,[''],['']
347,Edric Dayne,Male,['Ned'],['']
348,Edrick Stark,Male,['Edrick Snowbeard'],['']
349,Edwyd Fossoway,Male,[''],['']
350,Edwyle Stark,Male,[''],['']
351,Edwyn Frey,Male,[''],['']
352,Edwyn Osgrey,Male,[''],['']
353,Edwyn Stark,Male,['The Spring King'],['']
354,Eglantine,Female,[''],['']
355,Elbert Arryn,Male,[''],['']
356,Eldon Estermont,Male,[''],['']
357,Eldred Codd,Male,[''],['']
358,Eleanor Mooton,Female,[''],['']
359,Eleyna Westerling,Female,[''],['']
360,Elia Martell,Female,['Elia of Dorne'],['']
361,Elinor Tyrell,Female,[''],['']
362,Ella Lannister,Female,[''],['']
363,Ellaria Sand,Female,"[""The serpent's whore""]",['Indira Varma']
364,Ellery Vance,Male,[''],['']
365,Ellyn Ever Sweet,Female,[''],['']
366,Ellyn Reyne,Female,[''],['']
367,Elmar Frey,Male,[''],['']
368,Elwood Meadows,Male,[''],['']
369,Elyana Vypren,Female,[''],['']
370,Elyas Willum,Male,[''],['']
371,Elyn Norridge,Female,[''],['']
372,Elys Waynwood,Male,[''],['']
373,Elys Westerling,Male,[''],['']
374,Emberlei Frey,Female,[''],['']
375,Emmon Cuy,Male,['Emmon the Yellow'],['']
376,Emmon Frey,Male,['Emm'],['']
377,Emphyria Vance,Female,[''],['']
378,Endrew Tarth,Male,[''],['']
379,Eon Hunter,Male,['Old Lord Hunter'],['']
380,Erena Glover,Female,[''],['']
381,Ermesande Hayford,Female,[''],['']
382,Erren Florent,Male,[''],['']
383,Ethan Glover,Male,[''],['']
384,Euron Greyjoy,Male,"[""Crow's Eye"", ""Euron Crow's Eye""]",['']
385,Eustace,Male,[''],['']
386,Eustace Hunter,Male,[''],['']
387,Eustace Osgrey,Male,['The Knight of Standfast'],['']
388,Eyron Stark,Male,[''],['']
389,Ezzelyno,Male,[''],['']
390,Falena Stokeworth,Female,[''],['']
391,Falyse Stokeworth,Female,[''],['']
392,Flement Brax,Male,[''],['']
393,Forley Prester,Male,[''],['']
394,Foss the Archer,Male,[''],['']
395,Frankyln Fowler,Male,['The Old Hawk'],['']
396,Galbart Glover,Male,[''],['Mark Coney']
397,Galladon Tarth,Male,[''],['']
398,Galtry the Green,Male,[''],['']
399,Gared,Male,[''],['Dermot Keaney']
400,Garlan Tyrell,Male,"['Garlan the Gallant', ""Renly's ghost""]",['']
401,Garrett Paege,Male,[''],['']
402,Garrison Prester,Male,[''],['']
403,Garse Goodbrook,Male,[''],['']
404,Garth Greenfield,Male,[''],['']
405,Garth Greyfeather,Male,[''],['']
406,Garth Hightower,Male,['Garth Greysteel'],['']
407,Garth Tyrell,Male,['Garth the Gross'],['']
408,Garth XII Gardener,Male,[''],['']
409,Garth the Gardener,Male,[''],['']
410,Gawen Glover,Male,[''],['']
411,Gawen Swann,Male,[''],['']
412,Gawen Westerling,Male,[''],['']
413,Gawen Wylde,Male,[''],['']
414,Genna Lannister,Female,[''],['']
415,Gerald Gower,Male,[''],['']
416,Geremy Frey,Male,[''],['']
417,Gerion Lannister,Male,['Gery'],['']
418,Germund Botley,Male,[''],['']
419,Gerold Grafton,Male,[''],['']
420,Gerold Hightower,Male,['The White Bull'],['Eddie Eyre']
421,Gerold Lannister,Male,['Gerold the Golden'],['']
422,Gevin Harlaw,Male,[''],['']
423,Gilbert Farring,Male,[''],['']
424,Gilbert of the Vines,Male,[''],['']
425,Gilwood Hunter,Male,['Young Lord Hunter'],['']
426,Gladden Wylde,Male,[''],['']
427,Glendon Flowers,Male,"['Glendon Ball', 'The Knight of the Pussywillows', 'Glendon the Bastard']",['']
428,Godric Borrell,Male,[''],['']
429,Godry Farring,Male,['Godry the Giantslayer'],['']
430,Gormon Peake,Male,['Gormy'],['']
431,Gormond Drumm,Male,['Gormond the Oldfather'],['']
432,Gormond Goodbrother,Male,[''],['']
433,Gorold Goodbrother,Male,[''],['']
434,Gowen Baratheon,Male,[''],['']
435,Gran Goodbrother,Male,[''],['']
436,Grance Morrigen,Male,[''],['']
437,Grazdan mo Eraz,Male,[''],['']
438,Grenn,Male,['Aurochs'],['Mark Stanley']
439,Greydon Goodbrother,Male,[''],['']
440,Gulian Qorgyle,Male,[''],['']
441,Gulian Swann,Male,[''],['']
442,Guncer Sunglass,Male,[''],['']
443,Gunthor Hightower,Male,[''],['']
444,Guthor Grimm,Male,[''],['']
445,Guyard Morrigen,Male,['Guyard the Green'],['']
446,Gwayne Corbray,Male,[''],['']
447,Gwayne Gaunt,Male,[''],['']
448,Gwayne Hightower,Male,[''],['']
449,Gwin Goodbrother,Female,[''],['']
450,Gwynesse Harlaw,Female,[''],['']
451,Gwyneth Yronwood,Female,[''],['']
452,Gylbert Farwynd,Male,[''],['']
453,Gyles,Male,['Gyles Greycloak'],['']
454,Gyles Farwynd,Male,[''],['']
455,Gyles Grafton,Male,[''],['']
456,Gyles III Gardener,Male,[''],['']
457,Gyles Rosby,Male,['The Cougher'],['']
458,Gysella Goodbrother,Female,[''],['']
459,Halleck Hoare,Male,[''],['']
460,Hallis Mollen,Male,['Hal'],['']
461,Halmon Paege,Male,[''],['']
462,Halys Hornwood,Male,[''],['']
463,Harbert Paege,Male,[''],['']
464,Harlan Grandison,Male,[''],['']
465,Harlan Hunter,Male,[''],['']
466,Harlen Tyrell,Male,['Harlan Tyrell'],['']
467,Harlon Botley,Male,[''],['']
468,Harlon Greyjoy,Male,[''],['']
469,Harmen Uller,Male,[''],['']
470,Harmond Umber,Male,['The Drunken Giant'],['']
471,Harrag Hoare,Male,[''],['']
472,Harras Harlaw,Male,['The Knight of Grey Garden'],['']
473,Harren Botley,Male,[''],['']
474,Harren Hoare,Male,"['Harren the Black', 'Black Harren']",['']
475,Harrion Karstark,Male,['Harry'],['']
476,Harrold Hardyng,Male,"['Harry the Heir', 'The Young Falcon', 'Harry the Arse']",['']
477,Harrold Osgrey,Male,[''],['']
478,Harrold Westerling,Male,[''],['']
479,Harry Strickland,Male,['Homeless Harry Strickland'],['']
480,Harwin Strong,Male,"['Breakbones', 'Brokenbones']",['']
481,Harwood Fell,Male,[''],['']
482,Harwood Stout,Male,[''],['']
483,Harwyn Hoare,Male,"['Harwyn Hardhand', 'The Hardhand']",['']
484,Harwyn Plumm,Male,['Hardstone'],['']
485,Harys Haigh,Male,[''],['']
486,Harys Swyft,Male,[''],['']
487,Helaena Targaryen,Female,[''],['']
488,Helicent Uffering,Female,[''],['']
489,Helman Tallhart,Male,[''],['']
490,Herbert Bolling,Male,[''],['']
491,Herrock Kenning,Male,['Herrock the Whoreson'],['']
492,Hilmar Drumm,Male,['Hilmar the Cunning'],['']
493,Hoare,Male,[''],['']
494,Hoarfrost Umber,Male,[''],['']
495,Hobber Redwyne,Male,['Slobber'],['']
496,Hooded Man,Male,[''],['']
497,Horas Redwyne,Male,['Horror'],['']
498,Horton Redfort,Male,[''],['']
499,Hosman Norcross,Male,[''],['']
500,Hosteen Frey,Male,['Ser Stupid'],['']
501,Hoster Frey,Male,[''],['']
502,Hoster Tully,Male,[''],['']
503,Hother Umber,Male,"['Hother Whoresbane', 'Whoresbane Umber']",['']
504,Hotho Harlaw,Male,['Hotho Humpback'],['']
505,Howland Reed,Male,[''],['Leo Woodruff']
506,Hubard Rambton,Male,[''],['']
507,Hugh,Male,['Ser Hugh of the Vale'],['']
508,Hugh Beesbury,Male,[''],['']
509,Hugh Grandison,Male,['Greybeard'],['']
510,Hugo Vance,Male,[''],['']
511,Hugo Wull,Male,[''],['']
512,Humfrey Beesbury,Male,[''],['']
513,Humfrey Hardyng,Male,[''],['']
514,Humfrey Hewett,Male,[''],['']
515,Humfrey Swyft,Male,[''],['']
516,Humfrey Wagstaff,Male,[''],['']
517,Hyle Hunt,Male,[''],['']
518,Igon Vyrwel,Male,[''],['']
519,Illifer,Male,['Illifer the Penniless'],['']
520,Ilyn Payne,Male,[''],['Wilko Johnson']
521,Imry Florent,Male,['The Fool of Florent'],['Gordon Mahon (listed as Gordan Mahon)']
522,Jacelyn Bywater,Male,['Ironhand'],['']
523,Jack Bulwer,Male,['Black Jack Bulwer'],['']
524,Jack Musgood,Male,"['Jolly Jack', 'Sleepy Jack']",['']
525,Jaehaerys I,Male,"['The Conciliator', 'The Wise', 'The Old King']",['']
526,Jaehaerys II,Male,[''],['']
527,Jaime Frey,Male,[''],['']
528,Jaime Lannister,Male,"['The Kingslayer', 'The Lion of Lannister', 'The Young Lion', 'Cripple']",['Nikolaj Coster-Waldau']
529,Jammos Frey,Male,[''],['']
530,Janei Lannister,Female,[''],['']
531,Janna Tyrell,Female,[''],['']
532,Janos Slynt,Male,[''],['Dominic Carter']
533,Janyce Hunter,Female,[''],['']
534,Jared Frey,Male,[''],['']
535,Jaremy Rykker,Male,[''],['']
536,Jarman Buckwell,Male,[''],['']
537,Jason Lannister,Male,[''],['']
538,Jason Mallister,Male,[''],['']
539,Jasper Arryn,Male,[''],['']
540,Jasper Redfort,Male,[''],['']
541,Jasper Waynwood,Male,[''],['']
542,Jasper Wylde,Male,['Ironrod'],['']
543,Jeffory Mallister,Male,[''],['']
544,Jeffory Norcross,Male,['Neveryield'],['']
545,Jena Dondarrion,Female,[''],['']
546,Jeor Mormont,Male,['The Old Bear'],['James Cosmo']
547,Jeyne Arryn,Female,['The Maiden of the Vale'],['']
548,Jeyne Beesbury,Female,[''],['']
549,Jeyne Darry,Female,[''],['']
550,Jeyne Farman,Female,[''],['']
551,Jeyne Fossoway,Female,[''],['']
552,Jeyne Goodbrook,Female,[''],['']
553,Jeyne Lothston,Female,[''],['']
554,Jeyne Lydden,Female,[''],['']
555,Jeyne Marbrand,Female,[''],['']
556,Jeyne Poole,Female,['Arya Stark'],['']
557,Jeyne Royce,Female,[''],['']
558,Jeyne Swann,Female,[''],['']
559,Jeyne Westerling,Female,[''],['']
560,Jeyne Westerling,Female,[''],['']
561,Joanna Lannister,Female,[''],['']
562,Joanna Swyft,Female,[''],['']
563,Jocelyn Swyft,Female,[''],['']
564,Joffrey Baratheon,Male,"['Joffrey the Illborn', 'The Young Usurper', 'Aerys the Third', 'Joffrey-called-Baratheon']",['Jack Gleeson']
565,Joffrey Caswell,Male,[''],['']
566,Joffrey Lonmouth,Male,['Knight of Kisses'],['']
567,Johanna Lannister,Female,[''],['']
568,Johanna Swann,Female,['The Black Swan'],['']
569,John the Oak,Male,['The First Knight'],['']
570,Jojen Reed,Male,['Little Grandfather'],['Thomas Brodie-Sangster']
571,Jon Arryn,Male,[''],['John Standing']
572,Jon Bettley,Male,['Beardless Jon'],['']
573,Jon Brax,Male,[''],['']
574,Jon Bulwer,Male,[''],['']
575,Jon Connington,Male,"[""Griffthe Mad King's Hand""]",['']
576,Jon Fossoway,Male,[''],['']
577,Jon Hollard,Male,[''],['']
578,Jon Lynderly,Male,[''],['']
579,Jon Myre,Male,['Pinchface Jon'],['']
580,Jon Penrose,Male,[''],['']
581,Jon Redfort,Male,[''],['']
582,Jon Snow,Male,"['Lord Snow', ""Ned Stark's Bastard"", 'The Snow of Winterfell', 'The Crow-Come-Over', ""The 998th Lord Commander of the Night's Watch"", 'The Bastard of Winterfell', 'The Black Bastard of the Wall', 'Lord Crow']",['Kit Harington']
583,Jon Stark,Male,[''],['']
584,Jon Umber,Male,"['The Greatjon', 'Greatjon Umber']",['Clive Mantle']
585,Jon Umber,Male,"['The Smalljon', 'Smalljon Umber']",['Dean Jagger']
586,Jon Wylde,Male,[''],['']
587,Jonelle Cerwyn,Female,[''],['']
588,Jonnel Stark,Male,['One-Eye'],['']
589,Jonos Frey,Male,[''],['']
590,Jonos Stark,Male,[''],['']
591,Jonothor Darry,Male,['Jon Darry'],['']
592,Jorah Stark,Male,[''],['']
593,Jorelle Mormont,Female,['Jory'],['']
594,Jory Cassel,Male,[''],['Jamie Sives']
595,Joseth Mallister,Male,[''],['']
596,Josmyn Peckledon,Male,['Peck'],['']
597,Josua Willum,Male,[''],['']
598,Jothos Slynt,Male,[''],['']
599,Joyeuse Erenford,Female,[''],['Kelly Long']
600,Justin Massey,Male,['The Smiler'],['']
601,Jyanna Frey,Female,[''],['']
602,Karlon Stark,Male,[''],['']
603,Karyl Vance,Male,[''],['']
604,Kevan Lannister,Male,[''],['Ian Gelder']
605,Kirth Vance,Male,[''],['']
606,Kyle Condon,Male,[''],['']
607,Kyle Royce,Male,[''],['']
608,Kyra Frey,Female,[''],['']
609,Laena Velaryon,Female,[''],['']
610,Laenor Velaryon.,Male,[''],['']
611,Lambert Turnberry,Male,[''],['']
612,Lancel Lannister,Male,[''],['Eugene Simon']
613,Lancel V Lannister,Male,[''],['']
614,Lann,Male,['Lann the Clever'],['']
615,Lanna Lannister,Female,[''],['']
616,Larence Snow,Male,[''],['']
617,Larys Strong,Male,['Larys Clubfoot'],['']
618,Leana Frey,Female,[''],['']
619,Lenwood Tawney,Male,['Little Lenwood Tawney'],['']
620,Leo Blackbar,Male,[''],['']
621,Leo Lefford,Male,[''],['']
622,Leo Tyrell,Male,['Leo Longthorn'],['']
623,Leo Tyrell,Male,[''],['']
624,Leobald Tallhart,Male,[''],['']
625,Leona Tyrell,Female,[''],['']
626,Leona Woolfield,Female,[''],['']
627,Leonella Lefford,Female,[''],['']
628,Leslyn Haigh,Male,[''],['']
629,Lester Morrigen,Male,[''],['']
630,Lewyn Martell,Male,[''],['']
631,Lewys Lydden,Male,[''],['']
632,Lewys Piper,Male,['Little Lew'],['']
633,Leyla Hightower,Female,[''],['']
634,Leyton Hightower,Male,['Old Man of Oldtown'],['']
635,Lia Serry,Female,[''],['']
636,Liane Vance,Female,[''],['']
637,Lollys Stokeworth,Female,['Lollys Lackwit'],['']
638,Lomas Estermont,Male,[''],['']
639,Loras Tyrell,Male,"['The Knight of Flowers', ""Knight o' Pansies"", 'Ser Daisy']",['Finn Jones']
640,Lord Ashford,Male,[''],['']
641,Lord Caswell,Male,[''],['']
642,Lord Staunton,Male,[''],['']
643,Lorent Caswell,Male,[''],['']
644,Lorent Lorch,Male,[''],['']
645,Lorent Marbrand,Male,[''],['']
646,Lorent Tyrell,Male,[''],['']
647,Lorra Royce,Female,[''],['']
648,Lothar Frey,Male,['Lame Lothar'],['Tom Brooke']
649,Lothar Mallery,Male,[''],['']
650,Lothor Brune,Male,['Lothor Apple-Eater'],['']
651,Lucamore Strong,Male,['Lucamore the Lusty'],['']
652,Lucas Codd,Male,['Left-Hand Lucas'],['']
653,Lucas Corbray,Male,[''],['']
654,Lucas Inchfield,Male,['Lucas the Longinch'],['']
655,Lucas Lothston,Male,[''],['']
656,Lucas Roote,Male,[''],['']
657,Lucas Tyrell,Male,[''],['']
658,Luceon Frey,Male,[''],['']
659,Lucias Vypren,Male,[''],['']
660,Lucimore Botley,Male,[''],['']
661,Lucion Lannister,Male,[''],['']
662,Lucos Chyttering,Male,['Little Lucos'],['']
663,Luthor Tyrell,Male,[''],['']
664,Luthor Tyrell,Male,[''],['']
665,Luthor Tyrell,Male,[''],['']
666,Lyanna Mormont,Female,[''],['Bella Ramsey']
667,Lyarra Stark,Female,[''],['']
668,Lyessa Flint,Female,[''],['']
669,Lyle Crakehall,Male,['Strongboar'],['']
670,Lyman Beesbury,Male,[''],['']
671,Lyman Darry,Male,[''],['']
672,Lymond Goodbrook,Male,[''],['']
673,Lymond Lychester,Male,[''],['']
674,Lymond Mallister,Male,[''],['']
675,Lymond Vikary,Male,[''],['']
676,Lyn Corbray,Male,[''],['']
677,Lynesse Hightower,Female,[''],['']
678,Lyonel Baratheon,Male,['The Laughing Storm'],['']
679,Lyonel Bentley,Male,[''],['']
680,Lyonel Corbray,Male,[''],['']
681,Lyonel Frey,Male,[''],['']
682,Lyonel Selmy,Male,[''],['']
683,Lyonel Strong,Male,[''],['']
684,Lyonel Tyrell,Male,[''],['']
685,Lyonel Tyrell,Male,[''],['']
686,Lyra Mormont,Female,[''],['']
687,Lysa Arryn,Female,['Lysa Tully'],['Kate Dickie']
688,Lysa Meadows,Female,[''],['']
689,Lythene Frey,Female,[''],['']
690,Mace Tyrell,Male,"['Lord Oaf', 'The Fat Flower', 'Lord Puff Fish']",['Roger Ashton-Griffiths']
691,Maege Mormont,Female,['The She-Bear'],['Elizabeth Barrett']
692,Maegelle Frey,Female,[''],['']
693,Maegor I,Male,['Maegor the Cruel'],['']
694,Maekar I,Male,['The Anvil'],['']
695,Maelor Targaryen,Male,[''],['']
696,Maelys I Blackfyre,Male,['Maelys the Monstrous'],['']
697,Maldon Massey,Male,[''],['']
698,Mallador Locke,Male,[''],['']
699,Malwyn Frey,Male,[''],['']
700,Mandon Moore,Male,[''],['James Doran']
701,Manfred Dondarrion,Male,[''],['']
702,Manfred Lothston,Male,[''],['']
703,Manfred Swann,Male,[''],['']
704,Manfrey Martell,Male,[''],['']
705,Manfryd Lothston,Male,"[""Manfryd o' the Black Hood""]",['']
706,Manfryd Yew,Male,[''],['']
707,Margot Lannister,Female,[''],['']
708,Mariah Martell,Female,['Myriah Martell'],['']
709,Maric Seaworth,Male,[''],['']
710,Marissa Frey,Female,[''],['']
711,Mariya Darry,Female,[''],['']
712,Mark Mullendore,Male,[''],['']
713,Mark Ryswell,Male,[''],['']
714,Marlon Manderly,Male,[''],['']
715,Marna Locke,Female,[''],['']
716,Maron Botley,Male,['Fishwhiskers'],['']
717,Maron Greyjoy,Male,[''],['']
718,Maron Nymeros Martell,Male,[''],['']
719,Maron Volmark,Male,[''],['']
720,Marq Piper,Male,[''],['']
721,Marq Rankenfell,Male,['Mad Marq Rankenfell'],['']
722,Marsella Waynwood,Female,[''],['']
723,Martyn Cassel,Male,[''],['']
724,Martyn Lannister,Male,[''],['Dean-Charles Chapman']
725,Martyn Mullendore,Male,[''],['']
726,Marwyn Belmore,Male,['Ser Ding-Dong'],['']
727,Mary Mertyns,Female,[''],['']
728,Matarys Targaryen,Male,['The Even Younger Prince'],['']
729,Mathis Frey,Male,[''],['']
730,Mathis Rowan,Male,[''],['']
731,Maynard Plumm,Male,[''],['']
732,Medgar Tully,Male,[''],['']
733,Medger Cerwyn,Male,[''],['']
734,Meera Reed,Female,[''],['Ellie Kendrick']
735,Megga Tyrell,Female,[''],['']
736,Melantha Blackwood,Female,[''],['']
737,Melara Crane,Female,[''],['']
738,Melara Hetherspoon,Female,[''],['']
739,Meldred Merlyn,Male,['The Merlyn'],['']
740,Melesa Crakehall,Female,[''],['']
741,Melessa Florent,Female,[''],['Samantha Spiro']
742,Melisandre,Female,"['The Red Priestess', 'The Red Woman', ""The King's Red Shadow"", 'Lady Red', 'Lot Seven']",['Carice van Houten']
743,Melissa Blackwood,Female,['Missy'],['']
744,Melwyn Sarsfield,Male,[''],['']
745,Meredyth Crane,Female,['Merry'],['']
746,Merianne Frey,Female,['Merry Frey'],['']
747,Merlon Crakehall,Male,[''],['']
748,Mern IX Gardener,Male,[''],['']
749,Merrell Florent,Male,[''],['']
750,Merrett Frey,Male,['Merrett Muttonhead'],['']
751,Meryn Trant,Male,[''],['Ian Beattie']
752,Michael Mertyns,Male,['The White Owl'],['']
753,Mina Tyrell,Female,[''],['']
754,Minisa Whent,Female,[''],['']
755,Monford Velaryon,Male,[''],['']
756,Monterys Velaryon,Male,[''],['']
757,Moqorro,Male,['Black Flame'],['']
758,Morgil Hastwyck,Male,[''],['']
759,Moribald Chester,Male,[''],['']
760,Morros Slynt,Male,[''],['']
761,Mors Manwoody,Male,[''],['']
762,Mors Martell,Male,[''],['']
763,Mors Umber,Male,['Mors Crowfood'],['']
764,Morya Frey,Female,[''],['']
765,Moryn Tyrell,Male,[''],['']
766,Murmison,Male,[''],['']
767,Mychel Redfort,Male,[''],['']
768,Mylenda Caron,Female,[''],['']
769,Myles Manwoody,Male,[''],['']
770,Myles Mooton,Male,[''],['']
771,Myles Smallwood,Male,[''],['']
772,Myranda Lefford,Female,[''],['']
773,Myranda Royce,Female,['Randa'],['']
774,Myrcella Baratheon,Female,[''],"['Aimee Richardson, Nell Tiger Free']"
775,Myria Jordayne,Female,[''],['']
776,Myriame Manderly,Female,[''],['']
777,Myrielle Lannister,Female,[''],['']
778,Naerys Targaryen,Female,[''],['']
779,Norbert Vance,Male,[''],['']
780,Nymella Toland,Female,[''],['']
781,Nymeria,Female,['Nymeria of the Rhoyne'],['']
782,Olene Tyrell,Female,[''],['']
783,Olenna Redwyne,Female,['The Queen of Thorns'],['Diana Rigg']
784,Olymer Tyrell,Male,[''],['']
785,Olyvar Frey,Male,[''],['']
786,Olyvar Oakheart,Male,['The Green Oak'],['']
787,Ondrew Locke,Male,[''],['']
788,Orbert Caswell,Male,['The Black Centaur'],['']
789,Orivel,Male,['Orivel the Open-Handed'],['']
790,Ormond Osgrey,Male,[''],['']
791,Ormond Westerling,Male,[''],['']
792,Ormond Yronwood,Male,[''],['']
793,Ormund Baratheon,Male,[''],['']
794,Ormund Wylde,Male,[''],['']
795,Orton Merryweather,Male,[''],['']
796,Orys Baratheon,Male,['Orys One-Hand'],['']
797,Osbert Serry,Male,[''],['']
798,Osfryd Kettleblack,Male,[''],['']
799,Osmund Frey,Male,[''],['']
800,Osmund Kettleblack,Male,['Oswald Kettleblack'],['']
801,Osney Kettleblack,Male,[''],['']
802,Ossifer Plumm,Male,[''],['']
803,Oswell Kettleblack,Male,['Kettleblack'],['']
804,Oswell Whent,Male,[''],['']
805,Othell Yarwyck,Male,[''],['Brian Fortune']
806,Otho Bracken,Male,['The Brute of Bracken'],['']
807,Otto Hightower,Male,[''],['']
808,Ottyn Wythers,Male,[''],['']
809,Owen Inchfield,Male,[''],['']
810,Owen Norrey,Male,[''],['']
811,Parmen Crane,Male,['Parmen the Purple'],['']
812,Pate,Male,['Pate the Plowman'],['']
813,Patrek Mallister,Male,[''],['']
814,Paxter Redwyne,Male,[''],['']
815,Pearse Caron,Male,[''],['']
816,Perra Frey,Female,[''],['']
817,Perra Royce,Female,[''],['']
818,Perriane Frey,Female,[''],['']
819,Perwyn Frey,Male,[''],['']
820,Perwyn Osgrey,Male,['Perwyn the Proud'],['']
821,Peter Plumm,Male,[''],['']
822,Petyr Baelish,Male,['Littlefinger'],['Aidan Gillen']
823,Petyr Frey,Male,['Petyr Pimple'],['']
824,Philip Foote,Male,[''],['']
825,Philip Plumm,Male,[''],['']
826,Podrick Payne,Male,['Pod'],['Daniel Portman']
827,Preston Greenfield,Male,[''],['']
828,Pypar,Male,"['Pyp', 'Monkey', ""Mummer's Monkey""]",['Jozef Altin']
829,Qarl Kenning,Male,['Queer Qarl Kenning'],['']
830,Qarlton Chelsted,Male,['The mace-and-dagger Hand'],['']
831,Qhorin,Male,['Qhorin Halfhand'],['Simon Armstrong']
832,Qhorwyn Hoare,Male,['Qhorwyn the Cunning'],['']
833,Qorgyle,Male,[''],['']
834,Quellon Botley,Male,[''],['']
835,Quellon Greyjoy,Male,[''],['']
836,Quenten Banefort,Male,[''],['']
837,Quentin Tyrell,Male,[''],['']
838,Quenton Greyjoy,Male,[''],['']
839,Quenton Hightower,Male,[''],['']
840,Quenton Qoherys,Male,[''],['']
841,Quentyn Ball,Male,['Fireball'],['']
842,Quentyn Blackwood,Male,[''],['']
843,Quentyn Martell,Male,"['Frog', 'Prince Frog', 'The prince who came too late', 'The Dragonrider']",['']
844,Quentyn Qorgyle,Male,[''],['']
845,Ralf Kenning,Male,[''],['']
846,Ralf Stonehouse,Male,['Red Ralf Stonehouse'],['']
847,Ralph Buckler,Male,[''],['']
848,Ramsay Snow,Male,"['Ramsay Bolton', 'The Bastard of Bolton', 'The Bastard of the Dreadfort', 'Reek', 'Red Helm', 'Monster']",['Iwan Rheon']
849,Randyll Tarly,Male,[''],['James Faulkner']
850,Ravella Swann,Female,[''],['']
851,Raymun Darry,Male,[''],['']
852,Raymun Fossoway,Male,[''],['']
853,Raymund Frey,Male,[''],['']
854,Raymund Tyrell,Male,[''],['']
855,Raynald Westerling,Male,[''],['']
856,Raynard Ruttiger,Male,[''],['']
857,Red Alyn,Male,['Red Alyn of the Rosewood'],['']
858,Redwyn,Male,[''],['']
859,Regenard Estren,Male,[''],['']
860,Renfred Rykker,Male,[''],['']
861,Renly Baratheon,Male,"['The King in Highgarden', 'The King in the South']",['Gethin Anthony']
862,Renly Norcross,Male,[''],['']
863,Reynard Webber,Male,[''],['']
864,Rhae Targaryen,Female,[''],['']
865,Rhaegar Frey,Male,[''],['']
866,Rhaegar Targaryen,Male,"['Silver Prince', 'The Dragon Prince', 'The Last Dragon']",['']
867,Rhaegel Targaryen,Male,[''],['']
868,Rhaella Targaryen,Female,[''],['']
869,Rhaelle Targaryen,Female,[''],['']
870,Rhaena Targaryen,Female,['Rhaena of Pentos'],['']
871,Rhaena Targaryen,Female,[''],['']
872,Rhaena Targaryen,Female,['Black Bride'],['']
873,Rhaenyra Targaryen,Female,"[""The Realm's Delight"", 'The Whore of Dragonstone', 'King Maegor with Teats', ""Maegor's Teats"", 'The Half-Year Queen']",['']
874,Rhaenys Targaryen,Female,['The Queen Who Never Was'],['']
875,Rhaenys Targaryen,Female,[''],['']
876,Rhea Florent,Female,[''],['']
877,Rhea Royce,Female,['Bronze Bitch'],['']
878,Rhialta Vance,Female,[''],['']
879,Rhonda Rowan,Female,[''],['']
880,Richard Horpe,Male,['The Slayer'],['']
881,Richard Lonmouth,Male,['The Knight of Skull and Kisses'],['']
882,Richard Morrigen,Male,[''],['']
883,Rickard Karstark,Male,[''],"['Steven Blount', 'John Stahl']"
884,Rickard Ryswell,Male,[''],['']
885,Rickard Stark,Male,['The Laughing Wolf'],['']
886,Rickard Stark,Male,[''],['Wayne Foskett']
887,Rickard Thorne,Male,[''],['']
888,Rickard Tyrell,Male,[''],['']
889,Rickard Wylde,Male,[''],['']
890,Rickon Stark,Male,[''],['Art Parkinson']
891,Robar Royce,Male,['Robar the Red'],['']
892,Robb Reyne,Male,[''],['']
893,Robert Arryn,Male,"['Sweetrobin', 'True Warden of the East']",['Lino Facioli']
894,Robert Ashford,Male,[''],['']
895,Robert Brax,Male,[''],['']
896,Robert Brax,Male,[''],['']
897,Robert Flowers,Male,['Red Robert Flowers'],['']
898,Robert Frey,Male,[''],['']
899,Robert Frey,Male,[''],['']
900,Robert I Baratheon,Male,"['The Usurper', 'Demon of the Trident', 'The Whoremonger King']",['Mark Addy']
901,Robert Paege,Male,[''],['']
902,Robett Glover,Male,[''],['Tim McInnerny']
903,Robin Greyjoy,Male,[''],['']
904,Robin Hill,Male,[''],['']
905,Robin Hollard,Male,[''],['']
906,Robin Moreland,Male,[''],['']
907,Robin Peasebury,Male,['Lord Pea Pord'],['']
908,Robin Ryger,Male,[''],['']
909,Robyn Rhysling,Male,[''],['']
910,Robyn Ryswell,Male,[''],['']
911,Rodrik Cassel,Male,['Old Ser Rodrik'],['Ron Donachie']
912,Rodrik Greyjoy,Male,[''],['']
913,Rodrik Harlaw,Male,['The Reader'],['']
914,Rodrik Ryswell,Male,[''],['']
915,Rodrik Stark,Male,[''],['']
916,Rodrik Stark,Male,['The Wandering Wolf'],['']
917,Rodwell Stark,Male,[''],['']
918,Roelle,Female,[''],['']
919,Rohanne,Female,[''],['']
920,Roland Crakehall,Male,[''],['']
921,Roland Crakehall,Male,[''],['']
922,Rollam Westerling,Male,[''],['']
923,Rolland Darklyn,Male,[''],['']
924,Rolland Storm,Male,['The Bastard of Nightsong'],['']
925,Rolland Uffering,Male,[''],['']
926,Rolph Spicer,Male,[''],['']
927,Ronald Connington,Male,[''],['']
928,Ronald Vance,Male,['Ronald the Bad'],['']
929,Ronnel Harclay,Male,[''],['']
930,Ronnel Stout,Male,[''],['']
931,Ronnet Connington,Male,['Red Ronnet'],['']
932,Roose Bolton,Male,['The Leech Lord'],['Michael McElhatton']
933,Roose Ryswell,Male,[''],['']
934,Roryn Drumm,Male,['Roryn the Reaver'],['']
935,Rosamund Lannister,Female,[''],['']
936,Roslin Frey,Female,[''],['Alexandra Dowling']
937,Rossart,Male,[''],['']
938,Royce Coldwater,Male,[''],['']
939,Runcel Hightower,Male,[''],['']
940,Rupert Brax,Male,['Rubert Brax'],['']
941,Rupert Crabb,Male,[''],['']
942,Russell Merryweather,Male,[''],['']
943,Ryam Florent,Male,[''],['']
944,Ryam Redwyne,Male,[''],['']
945,Rycherd Crane,Male,[''],['']
946,Ryella Frey,Female,[''],['']
947,Ryella Royce,Female,[''],['']
948,Rylene Florent,Female,[''],['']
949,Ryman Frey,Male,[''],['']
950,Saera Targaryen,Female,[''],['']
951,Sallei Paege,Female,[''],['']
952,Samwell Spicer,Male,[''],['']
953,Samwell Tarly,Male,"['Sam', 'Ser Piggy', 'Prince Pork-chop', 'Lady Piggy', 'Sam the Slayer', 'Black Sam', 'Lord of Ham']",['John Bradley-West']
954,Sandor Clegane,Male,"['The Hound', 'Dog']",['Rory McCann']
955,Sandor Frey,Male,[''],['']
956,Sansa Stark,Female,"['Little bird', 'Alayne Stone', 'Jonquil']",['Sophie Turner']
957,Sargon Botley,Male,[''],['']
958,Sarra Frey,Female,[''],['']
959,Sarya Whent,Female,[''],['']
960,Sawane Botley,Male,[''],['']
961,Sebastion Errol,Male,[''],['']
962,Sebaston Farman,Male,[''],['']
963,Sefton Staunton,Male,[''],['']
964,Selmond Stackspear,Male,[''],['']
965,Selwyn Tarth,Male,['the Evenstar'],['']
966,Serala of Myr,Female,['The Lace Serpent'],['']
967,Serra Frey,Female,[''],['']
968,Serwyn,Male,['Serwyn of the Mirror Shield'],['']
969,Shadrich,Male,"['Shadrich of the Shady Glen', 'The Mad Mouse']",['']
970,Shaera Targaryen,Female,[''],['']
971,Shella Whent,Female,[''],['']
972,Shiera Crakehall,Female,[''],['']
973,Shierle Swyft,Female,[''],['']
974,Shireen Baratheon,Female,[''],['Kerry Ingram']
975,Shirei Frey,Female,[''],['']
976,Shyra Errol,Female,[''],['']
977,Sigfry Stonetree,Male,[''],['']
978,Sigfryd Harlaw,Male,['Sigfryd Silverhair'],['']
979,Sigorn,Male,[''],['']
980,Simon Leygood,Male,[''],['']
981,Simon Staunton,Male,[''],['']
982,Simon Toyne,Male,[''],['']
983,Stafford Lannister,Male,['Uncle Dolt'],['']
984,Steffarion Sparr,Male,[''],['']
985,Steffon Baratheon,Male,[''],['']
986,Steffon Darklyn,Male,[''],['']
987,Steffon Fossoway,Male,[''],['']
988,Steffon Frey,Male,['Steffon the Sweet'],['']
989,Steffon Hollard,Male,[''],['']
990,Steffon Stackspear,Male,[''],['']
991,Steffon Swyft,Male,[''],['']
992,Steffon Varner,Male,[''],['']
993,Stevron Frey,Male,[''],['Colin Carnegie']
994,Stonesnake,Male,[''],['']
995,Sumner Crakehall,Male,[''],['']
996,Sybell Spicer,Female,[''],['']
997,Sybelle Glover,Female,[''],['']
998,Sylva Santagar,Female,['Spotted Sylva'],['']
999,Sylwa Paege,Female,[''],['']
1000,Symon Hollard,Male,[''],['']
1001,Symon Santagar,Male,[''],['']
1002,Symond Botley,Male,[''],['']
1003,Symond Frey,Male,[''],['']
1004,Symond Templeton,Male,[''],['']
1005,Taena of Myr,Female,"['Taena Merryweather', 'Myr']",['']
1006,Talbert Serry,Male,[''],['']
1007,Talla Tarly,Female,[''],['Rebecca Benson']
1008,Tallad,Male,['Tallad the Tall'],['']
1009,Tanda Stokeworth,Female,[''],['']
1010,Tanton Fossoway,Male,[''],['']
1011,Terrance Lynderly,Male,[''],['']
1012,Terrence Kenning,Male,[''],['']
1013,Terrence Toyne,Male,[''],['']
1014,The Sparr,Female,[''],['']
1015,The Stonehouse,Female,[''],['']
1016,Theo Wull,Male,['Buckets'],['']
1017,Theodan Wells,Male,['Theodan the True'],['']
1018,Theodore Tyrell,Male,[''],['']
1019,Theomar Smallwood,Male,[''],['']
1020,Theomore Harlaw,Male,[''],['']
1021,Theon Greyjoy,Male,"['Prince of Fools', 'Theon Turncloak', 'Reek', 'Theon Kinslayer']",['Alfie Allen']
1022,Theon Stark,Male,['The Hungry Wolf'],['']
1023,Thoren Smallwood,Male,[''],['']
1024,Tion Frey,Male,[''],['']
1025,Tion Lannister,Male,[''],['']
1026,Titus Peake,Male,[''],['']
1027,Tom Costayne,Male,['Long Tom Costayne'],['']
1028,Tommen Baratheon,Male,['The Boy King'],"['Callum Wharry', 'Dean-Charles Chapman']"
1029,Tommen Costayne,Male,[''],['']
1030,Torren Liddle,Male,[''],['']
1031,Torrence Teague,Male,[''],['']
1032,Torrhen Karstark,Male,['Torr'],['Tyrone McElhennon']
1033,Torrhen Stark,Male,['The King Who Knelt'],['']
1034,Trebor Jordayne,Male,[''],['']
1035,Tremond Gargalen,Male,[''],['']
1036,Tristan Mudd,Male,[''],['']
1037,Tristan Ryger,Male,[''],['']
1038,Tristifer Botley,Male,['Tris'],['']
1039,Tristifer IV Mudd,Male,['The Hammer of Justice'],['']
1040,Tristifer V,Male,['Tristifer the Last'],['']
1041,Triston Sunderland,Male,[''],['']
1042,Trystane Martell,Male,[''],['Toby Sebastian']
1043,Tya Lannister,Female,[''],['']
1044,Tyana Wylde,Female,[''],['']
1045,Tybolt Crakehall,Male,[''],['']
1046,Tybolt Hetherspoon,Male,[''],['']
1047,Tybolt Lannister,Male,[''],['']
1048,Tygett Lannister,Male,['Tyg'],['']
1049,Tyland Lannister,Male,[''],['']
1050,Tyrek Lannister,Male,"['""Wet Nurse""']",['']
1051,Tyrion Lannister,Male,"['The Imp', 'Halfman', 'The boyman', 'Giant of Lannister', ""Lord Tywin's Doom"", ""Lord Tywin's Bane"", 'Yollo', 'Hugor Hill', 'No-Nose', 'Freak', 'Dwarf']",['Peter Dinklage']
1052,Tysane Frey,Female,[''],['']
1053,Tyta Frey,Female,['Tyta the Maid'],['']
1054,Tytos Brax,Male,[''],['']
1055,Tytos Frey,Male,[''],['']
1056,Tytos Lannister,Male,"['The Laughing Lion', 'The Toothless Lion']",['']
1057,Tywin Frey,Male,['Ty'],['']
1058,Tywin Frey,Male,[''],['']
1059,Ulrick Dayne,Male,[''],['']
1060,Ulwyck Uller,Male,[''],['']
1061,Urrigon Greyjoy,Male,['Urri'],['']
1062,Utherydes Wayn,Male,[''],['']
1063,Uthor Tollett,Male,[''],['']
1064,Uthor Underleaf,Male,['The Snail'],['']
1065,Vaemond Velaryon,Male,[''],['']
1066,Valarr Targaryen,Male,['The Young Prince'],['']
1067,Vardis Egen,Male,[''],['Brendan McCormack']
1068,Vayon Poole,Male,[''],['']
1069,Velaena Velaryon,Female,[''],['']
1070,Vickon Botley,Male,[''],['']
1071,Vickon Greyjoy,Male,[''],['']
1072,Victaria Tyrell,Female,[''],['']
1073,Victarion Greyjoy,Male,['The Iron Captain'],['']
1074,Victor Tyrell,Male,[''],['']
1075,Viserys I,Male,['The Young King'],['']
1076,Viserys II,Male,[''],['']
1077,Viserys Plumm,Male,[''],['']
1078,Viserys Targaryen,Male,"['The Beggar King', 'Khal Rhaggat (The Cart King)']",['Harry Lloyd']
1079,Vortimer Crane,Male,[''],['']
1080,Walda Frey,Female,[''],['']
1081,Walda Frey,Female,[''],['']
1082,Walda Frey,Female,['Fair Walda'],['']
1083,Walda Frey,Female,"['Fat Walda', 'Walda Bolton']",['Elizabeth Webster']
1084,Walda Frey,Female,['White Walda'],['']
1085,Walda Rivers,Female,[''],['']
1086,Walda Rivers,Female,[''],['']
1087,Walder Brax,Male,[''],['']
1088,Walder Frey,Male,['Big Walder'],['']
1089,Walder Frey,Male,['Black Walder'],['Tim Plester']
1090,Walder Frey,Male,['Little Walder'],['']
1091,Walder Frey,Male,['Red Walder'],['']
1092,Walder Frey,Male,"['The Late Lord Frey', 'Old Frey']",['David Bradley']
1093,Walder Goodbrook,Male,[''],['']
1094,Walder Haigh,Male,[''],['']
1095,Walder Rivers,Male,['Bastard Walder'],['']
1096,Waldon Wynch,Male,[''],['']
1097,Wallace Waynwood,Male,[''],['']
1098,Walter Whent,Male,['Old Lord Whent'],['']
1099,Walton Frey,Male,[''],['']
1100,Walton Stark,Male,['Walton the Moon King'],['']
1101,Waltyr Frey,Male,['Tyr'],['']
1102,Warryn Beesbury,Male,[''],['']
1103,Waymar Royce,Male,[''],['Rob Ostlere']
1104,Wendel Frey,Male,[''],['']
1105,Wendel Manderly,Male,[''],['Oddie Braddell']
1106,Whalen Frey,Male,[''],['']
1107,Wilbert Osgrey,Male,['the Little Lion'],['']
1108,Will,Male,[''],['Bronson Webb']
1109,Willam Dustin,Male,[''],['']
1110,Willam Stark,Male,[''],['']
1111,Willam Wythers,Male,[''],['']
1112,Willas Tyrell,Male,[''],['']
1113,Willem Darry,Male,[''],['']
1114,Willem Frey,Male,[''],['']
1115,Willem Lannister,Male,[''],['']
1116,Willem Wylde,Male,[''],['']
1117,William Mooton,Male,[''],['']
1118,Willis Fell,Male,[''],['']
1119,Willis Wode,Male,[''],['']
1120,Wyl Waynwood,Male,['Wild Wyl'],['']
1121,Wylis Manderly,Male,[''],['']
1122,Wylla Manderly,Female,[''],['']
1123,Wyman Manderly,Male,"['Lord Lamprey', 'Lord Too-Fat-to-Sit-a-Horse', 'Lord Pig', 'Lord Lard']",['']
1124,Wynafrei Whent,Female,[''],['']
1125,Wynafryd Manderly,Female,[''],['']
1126,Wynton Stout,Male,[''],['']
1127,Ygon Farwynd,Male,[''],['']
1128,Ynys Yronwood,Female,[''],['']
1129,Yohn Farwynd,Male,[''],['']
1130,Yohn Royce,Male,['Bronze Yohn'],['Rupert Vansittart']
1131,Yoren,Male,[''],['Francis Magee']
1132,Ysilla Royce,Female,[''],['']
1133,Zachery Frey,Male,[''],['']
1134,Zhoe Blanetree,Female,[''],['']
1135,Zia Frey,Female,[''],['']
1136,Monster,Male,['the little monsterthe abomination'],['']
1137,Addam,Male,[''],['']
1138,Aethan,Male,[''],['']
1139,Aethelmure,Male,[''],['']
1140,Aggar,Male,[''],['']
1141,Aggo,Male,[''],['Chuku Modu']
1142,Agrivane,Male,[''],['']
1143,Alan of Rosby,Male,[''],['']
1144,Alaric of Eysen,Male,[''],['']
1145,Alayaya,Female,"[""'Yaya""]",['']
1146,Albett,Male,['Pimple'],['']
1147,Alebelly,Male,[''],['']
1148,Alequo Adarys,Male,"['Silvertongue', 'The Tyrant of Tyrosh']",['']
1149,Alesandor Torrent,Male,[''],['']
1150,Alfyn,Male,['Alfyn Crowkiller'],['']
1151,Alia of Braavos,Female,[''],['']
1152,All-for-Joffrey,Male,[''],['']
1153,Allaquo,Male,[''],['']
1154,Allard Seaworth,Male,[''],['']
1155,Alvyn Sharp,Male,[''],['']
1156,Alyce,Female,[''],['']
1157,Alyn,Male,[''],['']
1158,Alyn,Male,['Sour Alyn'],['']
1159,Alysanne Bracken,Female,[''],['']
1160,Amabel,Female,[''],['']
1161,Ambrode,Male,[''],['']
1162,Andrey Dalt,Male,['Drey'],['']
1163,Andrik,Male,['Andrik the Unsmiling'],['']
1164,Anguy,Male,['The Archer'],['Philip McGinley']
1165,Areo Hotah,Male,[''],['DeObia Oparei']
1166,Argrave the Defiant,Male,[''],['']
1167,Armen,Male,['Armen the Acolyte'],['']
1168,Armistead Vance,Male,[''],['']
1169,Arneld,Male,[''],['']
1170,Arnell,Male,[''],['']
1171,Arron,Male,[''],['']
1172,Arryk,Male,"['""Left"" or ""Right""']",['']
1173,Arson,Male,['Arson Iceaxe'],['']
1174,Arya Flint,Female,[''],['']
1175,Assadora,Female,['Assadora of Ibben'],['']
1176,Aurane Waters,Male,"['Bastard of Driftmark', 'Lord Waters']",['']
1177,Ayrmidon,Male,[''],['']
1178,Azor Ahai,Male,"['Warrior of Light', 'Son of Fire', 'Warrior of Fire']",['']
1179,Azzak,Male,[''],['']
1180,Bael,Male,"['Bael the Bard', 'Sygerrik of Skagos']",['']
1181,Baelish,Male,[''],['']
1182,Balaq,Male,['Black Balaq'],['']
1183,Ballabar,Male,[''],['']
1184,Bandy,Male,[''],['']
1185,Bannen,Male,[''],['']
1186,Barbara Bracken,Female,[''],['']
1187,Barra,Female,[''],['']
1188,Barsena,Female,['Barsena Blackhair'],['']
1189,Barth,Male,[''],['']
1190,Bearded Ben,Male,[''],['']
1191,Beardless Dick,Male,[''],['']
1192,Becca,Female,[''],['']
1193,Becca,Female,['Becca the Baker'],['']
1194,Beck,Male,[''],['']
1195,Bedwyck,Male,['Giant'],['']
1196,Belandra,Female,[''],['']
1197,Belaquo,Male,['Belaquo Bonebreaker'],['']
1198,Beldecar,Male,[''],['']
1199,Belis,Male,[''],['']
1200,Bella,Female,[''],['']
1201,Bellegere Otherys,Female,['the Black Pearl of Braavos'],['']
1202,Bellegere Otherys,Female,"['Black Pearl', 'Brown Pearl']",['']
1203,Bellonara Otherys,Female,['Black Pearl of Braavos'],['']
1204,Belwas,Male,"['Strong Belwas', 'Belwas the Strong']",['']
1205,Ben,Male,[''],['']
1206,Ben,Male,['Ben Blackthumb'],['']
1207,Ben,Male,['Ben Bones'],['']
1208,Benedict,Male,[''],['']
1209,Bennet,Male,[''],['']
1210,Beqqo,Male,[''],['']
1211,Bess Bracken,Female,[''],['']
1212,Bessa,Female,[''],['']
1213,Bessa,Female,[''],['']
1214,Bethany,Female,['Blushing Bethany'],['']
1215,Bethany Fair-Fingers,Female,[''],['']
1216,Betharios,Female,['Betharios of Braavos'],['']
1217,Bhakaz zo Loraq,Male,[''],['']
1218,Bharbo,Male,[''],['']
1219,Big Belly Ben,Male,['Big Belly Ben'],['']
1220,Big Boil,Male,[''],['']
1221,Biter,Male,[''],"['Unknown extra', 'Gerard Jordan']"
1222,Black Bernarr,Male,[''],['']
1223,Blane,Male,[''],['']
1224,Bloodbeard,Male,[''],['']
1225,Bluetooth,Male,[''],['']
1226,Bodger,Male,[''],['']
1227,Borcas,Male,[''],['']
1228,Borroq,Male,[''],['']
1229,Bors,Male,[''],['']
1230,Boy,Male,[''],['']
1231,Brea,Female,[''],['']
1232,Brella,Female,[''],['']
1233,Brenett,Male,[''],['']
1234,Briar,Male,[''],['']
1235,Brogg,Male,[''],['']
1236,Brown Bernarr,Male,[''],['']
1237,Brusco,Male,['Big Brusco'],['']
1238,Bryan of Oldtown,Male,[''],['']
1239,Bryen,Male,[''],['']
1240,Brynden Blackwood,Male,[''],['']
1241,Brynden Rivers,Male,"['Lord Bloodraven', 'The three-eyed crow']","['Struan Rodger', 'Max Von Sydow']"
1242,Bump,Male,[''],['']
1243,Butterbumps,Male,['Butterbumps'],['']
1244,Buu,Female,[''],['']
1245,Byam Flint,Male,[''],['']
1246,Byan Votyris,Male,[''],['']
1247,Byren Flowers,Male,['Black Byren Flowers'],['']
1248,Byron,Male,['Byron the Beautiful'],['']
1249,Cadwyl,Male,[''],['']
1250,Cadwyn,Male,[''],['']
1251,Cafferen,Male,[''],['']
1252,Caleotte,Male,[''],['Colin Azzopardi']
1253,Calon,Male,[''],['']
1254,Camarron,Male,['Camarron of the Count'],['']
1255,Carrot,Male,[''],['']
1256,Cass,Female,[''],['']
1257,Castos,Male,[''],['']
1258,Catelyn Bracken,Female,[''],['']
1259,Cayn,Male,[''],['']
1260,Cedra,Female,[''],['']
1261,Cellador,Male,[''],['']
1262,Cerrick,Male,['The Grey Pup'],['']
1263,Cetheres,Male,[''],['']
1264,Chataya,Female,[''],['']
1265,Chella daughter of Cheyk,Female,[''],['']
1266,Chett,Male,[''],['']
1267,Cheyk,Female,[''],['']
1268,Chiggen,Male,[''],['']
1269,Chiswyck,Male,[''],['']
1270,Clarence Crabb,Male,[''],['']
1271,Clegane,Male,[''],['']
1272,Clement,Male,[''],['']
1273,Cleon,Male,"['Cleon the Great', 'The Butcher King', 'King Cleaver']",['']
1274,Cleos Frey,Male,[''],['']
1275,Clifford Conklyn,Male,[''],['']
1276,Clydas,Male,[''],['']
1277,Cohollo,Male,[''],['']
1278,Coldhands,Male,[''],['']
1279,Colemon,Male,[''],['']
1280,Collio Quaynis,Male,[''],['']
1281,Conn son of Coratt,Male,[''],['']
1282,Conwy,Male,[''],['']
1283,Coratt,Male,[''],['']
1284,Corliss Penny,Male,[''],['']
1285,Corlos,Male,['Corlos son of Caster'],['']
1286,Cosgrove,Male,[''],['']
1287,Cossomo,Male,['Cossomo The Conjurer'],['']
1288,Cotter Pyke,Male,[''],['']
1289,Courteny Greenhill,Male,[''],['']
1290,Craghas Drahar,Male,['Craghas Crabfeeder'],['']
1291,Cragorn,Male,[''],['']
1292,Craster,Male,[''],['Robert Pugh']
1293,Crawn son of Calor,Male,[''],['']
1294,Cressen,Male,[''],['Oliver Ford']
1295,Cuger,Male,[''],['']
1296,Cutjack,Male,[''],['']
1297,Daario Naharis,Male,[''],"['Ed Skrein', 'Michiel Huisman']"
1298,Dacks,Male,[''],['']
1299,Daegon Shepherd,Male,['The Black Shepherd'],['']
1300,Daemon Sand,Male,['Bastard of Godsgrace'],['']
1301,Daenaera Velaryon,Female,[''],['']
1302,Daenerys Targaryen,Female,"['Dany', 'Daenerys Stormborn', 'The Unburnt', 'Mother of Dragons', 'Mother', 'Mhysa', 'The Silver Queen', 'Silver Lady', 'Dragonmother', 'The Dragon Queen', ""The Mad King's daughter""]",['Emilia Clarke']
1303,Daeryssa,Female,[''],['']
1304,Dafyn Vance,Male,[''],['']
1305,Dagmer,Male,['Dagmer Cleftjaw'],['Ralph Ineson']
1306,Dagon Ironmaker,Male,[''],['']
1307,Dake,Male,[''],['']
1308,Dake,Male,[''],['']
1309,Dale Seaworth,Male,[''],['']
1310,Dalla,Female,[''],['']
1311,Dalla,Female,[''],['']
1312,Damon,Male,['Damon Dance-for-Me'],['']
1313,Dan,Male,['Hempen Dan'],['']
1314,Dancy,Female,[''],['']
1315,Danny Flint,Male,[''],['']
1316,Dareon,Male,['The Black Singer Lover'],['']
1317,Darla Deddings,Female,[''],['']
1318,Davos Seaworth,Male,"['Onion Knight', 'Davos Shorthand', 'Ser Onions', 'Onion Lord', 'Smuggler']",['Liam Cunningham']
1319,Del,Male,[''],['']
1320,Delp,Male,[''],['']
1321,Denestan,Male,[''],['']
1322,Dennett,Male,[''],['']
1323,Denyo Terys,Male,[''],['']
1324,Dermot,Male,['Dermot of the Rainwood'],['']
1325,Desmond,Male,[''],['']
1326,Devyn,Male,['Devyn Sealskinner'],['']
1327,Dhazzar,Female,['The dancer'],['']
1328,Dick,Male,['Yellow Dick'],['']
1329,Dick Crabb,Male,['Nimble Dick'],['']
1330,Dirk,Male,[''],['']
1331,Dobber,Male,[''],['']
1332,Dolf son of Holger,Male,[''],['']
1333,Donnel Hill,Male,['Sweet Donnel Hill'],['']
1334,Donnel Waynwood,Male,[''],['']
1335,Donnis,Male,[''],['']
1336,Donyse,Female,[''],['']
1337,Dorcas,Female,[''],['']
1338,Dorea Sand,Female,[''],['']
1339,Doreah,Female,[''],['Roxanne McKee']
1340,Dormund,Male,[''],['']
1341,Dornish Dilly,Male,[''],['']
1342,Doss,Male,['Blind Doss'],['']
1343,Draqaz,Male,[''],['']
1344,Drennan,Male,[''],['David Coakley']
1345,Drogo,Male,"['Great Rider', 'Great Khal']",['Jason Momoa']
1346,Dryn,Male,[''],['']
1347,Dudley,Male,[''],['']
1348,Dunaver,Male,[''],['']
1349,Dunsen,Male,[''],['']
1350,Dyah,Female,[''],['']
1351,Dywen,Male,[''],['']
1352,Easy,Male,[''],['']
1353,Ebrose,Male,[''],['']
1354,Edric Storm,Male,[''],['']
1355,Eggon,Male,[''],['']
1356,Egon Emeros,Male,['Egon Emeros the Exquisite'],['']
1357,Elaena Targaryen,Female,[''],['']
1358,Elder Brother,Male,[''],['']
1359,Eldiss,Male,[''],['']
1360,Elenei,Female,[''],['']
1361,Elia Sand,Female,"['El', 'Lady Lance']",['']
1362,Elron,Male,[''],['']
1363,Elwood,Male,[''],['']
1364,Elza,Female,['Ella'],['']
1365,Emma,Female,[''],['']
1366,Emmett,Male,['Iron Emmett'],['']
1367,Emmond,Male,[''],['']
1368,Emrick,Male,[''],['']
1369,Endehar,Male,[''],['']
1370,Enger,Male,[''],['']
1371,Erik Ironmaker,Male,"['Erik the Just', 'Erik Anvil-Breaker']",['']
1372,Eroeh,Female,[''],['']
1373,Erreck,Male,[''],['']
1374,Erreg,Male,['Erreg the Kinslayer'],['']
1375,Errok,Male,[''],['']
1376,Erryk,Male,"['""Left"" or ""Right""']",['']
1377,Esgred,Female,[''],['']
1378,Eustace,Male,[''],['']
1379,Eustace Brune,Male,[''],['']
1380,Ezzara,Female,[''],['']
1381,Falia Flowers,Female,[''],['']
1382,Farlen,Male,[''],['Peter Balance']
1383,Fern,Female,[''],['']
1384,Ferny,Female,[''],['']
1385,Ferrego Antaryon,Male,[''],['']
1386,Ferret,Male,[''],['']
1387,Florys the Fox,Female,[''],['']
1388,Fogo,Male,[''],['']
1389,Fornio,Male,[''],['']
1390,Fralegg,Male,['Fralegg the Strong'],['']
1391,Franklyn Frey,Male,[''],['']
1392,Frenken,Male,[''],['']
1393,Frenya,Female,[''],['']
1394,Frynne,Female,[''],['']
1395,Gage,Male,[''],['']
1396,Galazza Galare,Female,[''],['']
1397,Galladon of Morne,Male,['Perfect Knight'],['']
1398,Gallard,Male,[''],['']
1399,Galt,Male,[''],['']
1400,Galyeon of Cuy,Male,[''],['']
1401,Gareth,Male,['Gareth the Grey'],['']
1402,Gareth Clifton,Male,[''],['']
1403,Garigus,Male,[''],['']
1404,Garin,Male,['Garin of the Orphans'],['']
1405,Garin,Male,['Garin the Great'],['']
1406,Gariss,Male,[''],['']
1407,Garizon,Male,[''],['']
1408,Garrett Flowers,Male,[''],['']
1409,Garse Flowers,Male,[''],['']
1410,Garth Greenhand,Male,"['Garth Greenhair', 'Garth the Green']",['']
1411,Garth of Greenaway,Male,[''],['']
1412,Garth of Oldtown,Male,[''],['']
1413,Gascoyne,Male,['Gascoyne of the Greenblood'],['']
1414,Gavin,Male,['Gavin the Trader'],['']
1415,Gelmarr,Male,['The Grim'],['']
1416,Gendel,Male,[''],['']
1417,Gendry,Male,"['The Bull', 'Ser Gendry of the hollow hill']",['Joe Dempsie']
1418,Gerardys,Male,[''],['']
1419,Gergen,Male,['Green Gergen'],['']
1420,Gerold Dayne,Male,['Darkstar'],['']
1421,Gerren,Male,[''],['']
1422,Gerrick,Male,['Gerrick Kingsblood'],['']
1423,Gerris Drinkwater,Male,"['Drink', 'Dornish Gerrold']",['']
1424,Ghael,Male,[''],['']
1425,Ghost of High Heart,Female,['The woods witch'],['']
1426,Gilly,Female,['the rabbit keeper'],['Hannah Murray']
1427,Glendon Hewett,Male,[''],['']
1428,Goady,Male,[''],['']
1429,Godwyn,Male,[''],['']
1430,Goghor,Male,['Goghor the Giant'],['']
1431,Goodwin,Male,[''],['']
1432,Gorghan of Old Ghis,Male,[''],['']
1433,Gormon Tyrell,Male,['Maester Gormon'],['']
1434,Gorne,Male,[''],['']
1435,Grazdan,Male,[''],['']
1436,Grazdan mo Ullhor,Male,[''],['']
1437,Grazdan the Great,Male,[''],['']
1438,Grazdan zo Galare,Male,[''],['']
1439,Grazdar zo Galare,Male,['Grazhar'],['']
1440,Great Walrus,Male,[''],['']
1441,Gregor Clegane,Male,"['The Mountain That Rides', 'The Mountain', 'The Great Dog']","['Conan Stevens', 'Ian Whyte', 'Hafr Jlus Bjrnsson']"
1442,Gretchel,Female,[''],['']
1443,Grey King,Male,[''],['']
1444,Grey Worm,Male,[''],['Jacob Anderson']
1445,Griffin King,Male,['Griffin King'],['']
1446,Grigg,Male,['Grigg the Goat'],['']
1447,Grisel,Female,[''],['']
1448,Grisella,Female,[''],['']
1449,Groleo,Male,[''],['']
1450,Grubbs,Male,[''],['']
1451,Grunt,Male,[''],['']
1452,Gueren,Male,[''],['']
1453,Gulian,Male,[''],['']
1454,Gunthor son of Gurn,Male,[''],['']
1455,Gurn,Male,[''],['']
1456,Guyne,Male,[''],['']
1457,Gyldayn,Male,[''],['']
1458,Gyleno Dothare,Male,[''],['']
1459,Gyloro Dothare,Male,[''],['']
1460,Gynir,Male,"['Gynir Rednose', 'Rednose']",['']
1461,Haegon Blackfyre,Male,[''],['']
1462,Haggo,Male,[''],['']
1463,Haggon,Male,[''],['']
1464,Hairy Hal,Male,[''],['']
1465,Hake,Male,[''],['']
1466,Hal,Male,['Hal the Hog'],['']
1467,Halder,Male,['Stone Head'],['']
1468,Haldon,Male,['Haldon Halfmaester'],['']
1469,Hali,Female,[''],['']
1470,Hallyne,Male,['Hallyne the Pryomancer'],['Roy Dotrice']
1471,Hamish,Male,['Hamish the Harper'],['']
1472,Harbert,Male,[''],['']
1473,Hareth,Male,[''],['']
1474,Hareth,Male,['Horse'],['']
1475,Harghaz,Male,"['Harghaz the Hero', 'Harghaz the Dragonslayer']",['']
1476,Harle,Male,['Harle the Handsome'],['']
1477,Harle,Male,['Harle the Huntsman'],['']
1478,Harma,Female,"['Harma the Dogshead', 'Harma Dogshead']",['']
1479,Harmund Sharp,Male,[''],['']
1480,Harmune,Male,[''],['']
1481,Harodon,Male,[''],['']
1482,Harra,Female,[''],['']
1483,Harrag Sharp,Male,['Harrag Sheepstealer'],['']
1484,Harren Half-Hoare,Male,[''],['']
1485,Harry Sawyer,Male,[''],['']
1486,Harsley,Male,[''],['']
1487,Harwin,Male,[''],['']
1488,Hayhead,Male,[''],['']
1489,Hazrak zo Loraq,Male,['The Handsome'],['']
1490,Hazzea,Female,[''],['']
1491,Heke,Male,['Reek'],['']
1492,Helliweg,Male,[''],['']
1493,Helly,Female,[''],['']
1494,Helya,Female,[''],['']
1495,Hendry Bracken,Male,[''],['']
1496,Henk,Male,['Henk the Helm'],['']
1497,Henly,Male,[''],['']
1498,Heward,Male,[''],['']
